{"cameraMode":{"drawMode":0,"name":"Shaded","section":"Shading Mode"},"sceneLighting":true,"audioPlay":false,"sceneViewState":{"showFog":true,"showMaterialUpdate":false,"showSkybox":true,"showFlares":true,"showImageEffects":true,"showParticleSystems":true,"showVisualEffectGraphs":true,"m_FxEnabled":true},"in2DMode":false,"pivot":{"x":-13.640774726867676,"y":-55.069820404052737,"z":1.6385295391082764},"rotation":{"x":-0.00956221017986536,"y":0.9872798323631287,"z":-0.14467154443264008,"w":-0.06525523960590363},"size":13.632965087890625,"orthographic":false}