{"cameraMode":{"drawMode":0,"name":"Shaded","section":"Shading Mode"},"sceneLighting":true,"audioPlay":false,"sceneViewState":{"showFog":true,"showMaterialUpdate":false,"showSkybox":true,"showFlares":true,"showImageEffects":true,"showParticleSystems":true,"showVisualEffectGraphs":true,"m_FxEnabled":true},"in2DMode":false,"pivot":{"x":-16.700000762939454,"y":-40.400001525878909,"z":2.3000001907348635},"rotation":{"x":-0.00956221017986536,"y":0.9872798323631287,"z":-0.14467154443264008,"w":-0.06525523960590363},"size":12.12435531616211,"orthographic":false}