{"cameraMode":{"drawMode":0,"name":"Shaded","section":"Shading Mode"},"sceneLighting":false,"audioPlay":false,"sceneViewState":{"showFog":true,"showMaterialUpdate":false,"showSkybox":false,"showFlares":true,"showImageEffects":true,"showParticleSystems":true,"showVisualEffectGraphs":true,"m_FxEnabled":true},"in2DMode":false,"pivot":{"x":0.013305902481079102,"y":-0.21665030717849732,"z":4.889153480529785},"rotation":{"x":-0.07196903228759766,"y":0.927351713180542,"z":-0.2405584454536438,"w":-0.27743980288505556},"size":1.0928820371627808,"orthographic":false}